{
    "leeway": 1000,
    "verify_signature": false,
    "redirect_uri": [
        "http://localhost:8004/auth"
    ],
    "login_action": "redirect",
    "logout_redirect_uri": [
        "http://localhost:8003/"
    ],
    "consumer_claim": [
        "email"
    ],
    "ssl_verify": false,
    "consumer_by": [
        "username",
        "custom_id",
        "id"
    ],
    "scopes": [
        "openid",
        "profile",
        "email"
    ],
    "logout_query_arg": "logout",
    "client_secret": [
        "1utf25bhlpmqe036hhjucbdh3hafa091enen6roqni2lu59jd5dm"
    ],
    "issuer": "https://cognito-idp.us-west-2.amazonaws.com/us-west-2_nBkzSURlq",
    "forbidden_redirect_uri": [
        "http://localhost:8003/unauthorized"
    ],
    "client_id": [
        "7nbh43n6egl4ocher28dvtdknm"
    ],
    "logout_methods": [
        "GET"
    ],
    "login_redirect_uri": [
        "http://localhost:8003/"
    ],
    "login_redirect_mode": "query"
}
