{
    "logout_query_arg": "logout",
    "leeway": 1000,
    "scopes": [
        "openid",
        "profile",
        "email",
        "offline_access"
    ],
    "redirect_uri": [
        "http://localhost:8004/auth"
    ],
    "login_redirect_uri": [
        "http://localhost:8003/"
    ],
    "login_action": "redirect",
    "logout_redirect_uri": [
        "http://localhost:8003/"
    ],
    "client_id": [
        "client1"
    ],
    "consumer_claim": [
        "email"
    ],
    "forbidden_redirect_uri": [
        "http://localhost:8003/unauthorized"
    ],
    "issuer": "https://keycloak.apim.eu/auth/realms/kong/.well-known/openid-configuration",
    "client_secret": [
        "aeb992d5-4be4-4125-857b-6210776321d2"
    ],
    "logout_methods": [
        "GET"
    ],
    "consumer_by": [
        "username",
        "custom_id",
        "id"
    ],
    "login_redirect_mode": "query",
"ssl_verify":false,
"verify_signature":false
}

