{
  "__inputs": [
    {
      "name": "Prometheus",
      "label": "Prometheus",
      "description": "",
      "type": "datasource",
      "pluginId": "prometheus",
      "pluginName": "Prometheus"
    }
  ],
  "__requires": [
    {
      "type": "panel",
      "id": "gauge",
      "name": "Gauge",
      "version": ""
    },
    {
      "type": "grafana",
      "id": "grafana",
      "name": "Grafana",
      "version": "6.4.2"
    },
    {
      "type": "panel",
      "id": "graph",
      "name": "Graph",
      "version": ""
    },
    {
      "type": "datasource",
      "id": "prometheus",
      "name": "Prometheus",
      "version": "1.0.0"
    },
    {
      "type": "panel",
      "id": "singlestat",
      "name": "Singlestat",
      "version": ""
    }
  ],
  "annotations": {
    "list": [
      {
        "builtIn": 1,
        "datasource": "Prometheus",
        "enable": true,
        "hide": true,
        "iconColor": "rgba(0, 211, 255, 1)",
        "name": "Annotations & Alerts",
        "type": "dashboard"
      }
    ]
  },
  "description": "Dashboard that graphs metrics exported via Prometheus plugin in Kong (http://github.com/kong/kong-plugin-prometheus)",
  "editable": true,
  "gnetId": 7424,
  "graphTooltip": 0,
  "id": null,
  "iteration": 1571088300952,
  "links": [],
  "panels": [
    {
      "collapsed": true,
      "datasource": "Prometheus",
      "gridPos": {
        "h": 1,
        "w": 24,
        "x": 0,
        "y": 0
      },
      "id": 38,
      "panels": [
        {
          "aliasColors": {},
          "bars": false,
          "dashLength": 10,
          "dashes": false,
          "datasource": "Prometheus",
          "fill": 1,
          "fillGradient": 0,
          "gridPos": {
            "h": 7,
            "w": 24,
            "x": 0,
            "y": 1
          },
          "id": 1,
          "legend": {
            "alignAsTable": false,
            "avg": false,
            "current": false,
            "max": false,
            "min": false,
            "rightSide": false,
            "show": true,
            "total": false,
            "values": false
          },
          "lines": true,
          "linewidth": 1,
          "links": [],
          "nullPointMode": "null",
          "options": {
            "dataLinks": []
          },
          "paceLength": 10,
          "percentage": false,
          "pointradius": 5,
          "points": false,
          "renderer": "flot",
          "seriesOverrides": [],
          "spaceLength": 10,
          "stack": false,
          "steppedLine": false,
          "targets": [
            {
              "expr": "sum(rate(kong_http_status{instance=~\"$instance\"}[1m]))",
              "format": "time_series",
              "intervalFactor": 2,
              "legendFormat": "Requests/second",
              "refId": "A"
            }
          ],
          "thresholds": [],
          "timeFrom": null,
          "timeRegions": [],
          "timeShift": null,
          "title": "Total requests per second (RPS)",
          "tooltip": {
            "shared": true,
            "sort": 0,
            "value_type": "individual"
          },
          "type": "graph",
          "xaxis": {
            "buckets": null,
            "mode": "time",
            "name": null,
            "show": true,
            "values": []
          },
          "yaxes": [
            {
              "format": "short",
              "label": null,
              "logBase": 1,
              "max": null,
              "min": null,
              "show": true
            },
            {
              "format": "s",
              "label": null,
              "logBase": 1,
              "max": null,
              "min": null,
              "show": true
            }
          ],
          "yaxis": {
            "align": false,
            "alignLevel": null
          }
        },
        {
          "aliasColors": {},
          "bars": false,
          "dashLength": 10,
          "dashes": false,
          "datasource": "Prometheus",
          "fill": 1,
          "fillGradient": 0,
          "gridPos": {
            "h": 7,
            "w": 24,
            "x": 0,
            "y": 8
          },
          "id": 16,
          "legend": {
            "avg": false,
            "current": false,
            "max": false,
            "min": false,
            "show": true,
            "total": false,
            "values": false
          },
          "lines": true,
          "linewidth": 1,
          "links": [],
          "nullPointMode": "null",
          "options": {
            "dataLinks": []
          },
          "paceLength": 10,
          "percentage": false,
          "pointradius": 5,
          "points": false,
          "renderer": "flot",
          "seriesOverrides": [],
          "spaceLength": 10,
          "stack": false,
          "steppedLine": false,
          "targets": [
            {
              "expr": "sum(rate(kong_http_status{service=~\"$service\", route=~\"$route\", instance=~\"$instance\"}[1m])) by (service)",
              "format": "time_series",
              "intervalFactor": 2,
              "legendFormat": "service:{{service}}",
              "refId": "A"
            },
            {
              "expr": "sum(rate(kong_http_status{service=~\"$service\", route=~\"$route\", instance=~\"$instance\"}[1m])) by (route)",
              "format": "time_series",
              "intervalFactor": 2,
              "legendFormat": "route:{{route}}",
              "refId": "B"
            }
          ],
          "thresholds": [],
          "timeFrom": null,
          "timeRegions": [],
          "timeShift": null,
          "title": "RPS per route/service ($service)",
          "tooltip": {
            "shared": true,
            "sort": 0,
            "value_type": "individual"
          },
          "type": "graph",
          "xaxis": {
            "buckets": null,
            "mode": "time",
            "name": null,
            "show": true,
            "values": []
          },
          "yaxes": [
            {
              "format": "short",
              "label": null,
              "logBase": 1,
              "max": null,
              "min": null,
              "show": true
            },
            {
              "format": "short",
              "label": null,
              "logBase": 1,
              "max": null,
              "min": null,
              "show": true
            }
          ],
          "yaxis": {
            "align": false,
            "alignLevel": null
          }
        },
        {
          "aliasColors": {},
          "bars": false,
          "dashLength": 10,
          "dashes": false,
          "datasource": "Prometheus",
          "fill": 1,
          "fillGradient": 0,
          "gridPos": {
            "h": 7,
            "w": 24,
            "x": 0,
            "y": 15
          },
          "id": 39,
          "legend": {
            "avg": false,
            "current": false,
            "max": false,
            "min": false,
            "show": true,
            "total": false,
            "values": false
          },
          "lines": true,
          "linewidth": 1,
          "links": [],
          "nullPointMode": "null",
          "options": {
            "dataLinks": []
          },
          "paceLength": 10,
          "percentage": false,
          "pointradius": 5,
          "points": false,
          "renderer": "flot",
          "seriesOverrides": [],
          "spaceLength": 10,
          "stack": false,
          "steppedLine": false,
          "targets": [
            {
              "expr": "sum(rate(kong_http_status{service=~\"$service\", route=~\"$route\", instance=~\"$instance\"}[1m])) by (service,code)",
              "format": "time_series",
              "intervalFactor": 2,
              "legendFormat": "service:{{service}}-{{code}}",
              "refId": "A"
            },
            {
              "expr": "sum(rate(kong_http_status{service=~\"$service\", route=~\"$route\", instance=~\"$instance\"}[1m])) by (route,code)",
              "format": "time_series",
              "intervalFactor": 2,
              "legendFormat": "route:{{route}}-{{code}}",
              "refId": "B"
            }
          ],
          "thresholds": [],
          "timeFrom": null,
          "timeRegions": [],
          "timeShift": null,
          "title": "RPS per route/service by status code",
          "tooltip": {
            "shared": true,
            "sort": 0,
            "value_type": "individual"
          },
          "type": "graph",
          "xaxis": {
            "buckets": null,
            "mode": "time",
            "name": null,
            "show": true,
            "values": []
          },
          "yaxes": [
            {
              "format": "short",
              "label": null,
              "logBase": 1,
              "max": null,
              "min": null,
              "show": true
            },
            {
              "format": "short",
              "label": null,
              "logBase": 1,
              "max": null,
              "min": null,
              "show": true
            }
          ],
          "yaxis": {
            "align": false,
            "alignLevel": null
          }
        }
      ],
      "title": "Request rate",
      "type": "row"
    },
    {
      "collapsed": true,
      "datasource": "Prometheus",
      "gridPos": {
        "h": 1,
        "w": 24,
        "x": 0,
        "y": 1
      },
      "id": 36,
      "panels": [
        {
          "aliasColors": {},
          "bars": false,
          "dashLength": 10,
          "dashes": false,
          "datasource": "Prometheus",
          "fill": 1,
          "fillGradient": 0,
          "gridPos": {
            "h": 7,
            "w": 8,
            "x": 0,
            "y": 2
          },
          "id": 10,
          "legend": {
            "avg": false,
            "current": false,
            "max": false,
            "min": false,
            "show": true,
            "total": false,
            "values": false
          },
          "lines": true,
          "linewidth": 1,
          "links": [],
          "nullPointMode": "null",
          "options": {
            "dataLinks": []
          },
          "paceLength": 10,
          "percentage": false,
          "pointradius": 5,
          "points": false,
          "renderer": "flot",
          "seriesOverrides": [],
          "spaceLength": 10,
          "stack": false,
          "steppedLine": false,
          "targets": [
            {
              "expr": "histogram_quantile(0.90, sum(rate(kong_latency_bucket{type=\"kong\",instance=~\"$instance\"}[1m])) by (le))",
              "format": "time_series",
              "intervalFactor": 2,
              "legendFormat": "p90",
              "refId": "A"
            },
            {
              "expr": "histogram_quantile(0.95, sum(rate(kong_latency_bucket{type=\"kong\",instance=~\"$instance\"}[1m])) by (le))",
              "format": "time_series",
              "intervalFactor": 2,
              "legendFormat": "p95",
              "refId": "B"
            },
            {
              "expr": "histogram_quantile(0.99, sum(rate(kong_latency_bucket{type=\"kong\",instance=~\"$instance\"}[1m])) by (le))",
              "format": "time_series",
              "intervalFactor": 2,
              "legendFormat": "p99",
              "refId": "C"
            }
          ],
          "thresholds": [],
          "timeFrom": null,
          "timeRegions": [],
          "timeShift": null,
          "title": "Kong Proxy Latency across all services",
          "tooltip": {
            "shared": true,
            "sort": 0,
            "value_type": "individual"
          },
          "type": "graph",
          "xaxis": {
            "buckets": null,
            "mode": "time",
            "name": null,
            "show": true,
            "values": []
          },
          "yaxes": [
            {
              "format": "ms",
              "label": null,
              "logBase": 1,
              "max": null,
              "min": null,
              "show": true
            },
            {
              "format": "short",
              "label": null,
              "logBase": 1,
              "max": null,
              "min": null,
              "show": true
            }
          ],
          "yaxis": {
            "align": false,
            "alignLevel": null
          }
        },
        {
          "aliasColors": {},
          "bars": false,
          "dashLength": 10,
          "dashes": false,
          "datasource": "Prometheus",
          "fill": 1,
          "fillGradient": 0,
          "gridPos": {
            "h": 7,
            "w": 8,
            "x": 8,
            "y": 2
          },
          "id": 11,
          "legend": {
            "avg": false,
            "current": false,
            "max": false,
            "min": false,
            "show": true,
            "total": false,
            "values": false
          },
          "lines": true,
          "linewidth": 1,
          "links": [],
          "nullPointMode": "null",
          "options": {
            "dataLinks": []
          },
          "paceLength": 10,
          "percentage": false,
          "pointradius": 5,
          "points": false,
          "renderer": "flot",
          "seriesOverrides": [],
          "spaceLength": 10,
          "stack": false,
          "steppedLine": false,
          "targets": [
            {
              "expr": "histogram_quantile(0.90, sum(rate(kong_latency_bucket{type=\"kong\", service =~ \"$service\",route=~\"$route\",instance=~\"$instance\"}[1m])) by (service,le))",
              "format": "time_series",
              "intervalFactor": 2,
              "legendFormat": "p90-{{service}}",
              "refId": "A"
            },
            {
              "expr": "histogram_quantile(0.95, sum(rate(kong_latency_bucket{type=\"kong\", service =~ \"$service\",route=~\"$route\",instance=~\"$instance\"}[1m])) by (service,le))",
              "format": "time_series",
              "intervalFactor": 2,
              "legendFormat": "p95-{{service}}",
              "refId": "B"
            },
            {
              "expr": "histogram_quantile(0.99, sum(rate(kong_latency_bucket{type=\"kong\", service =~ \"$service\",route=~\"$route\",instance=~\"$instance\"}[1m])) by (service,le))",
              "format": "time_series",
              "intervalFactor": 2,
              "legendFormat": "p99-{{service}}",
              "refId": "C"
            }
          ],
          "thresholds": [],
          "timeFrom": null,
          "timeRegions": [],
          "timeShift": null,
          "title": "Kong Proxy Latency per Service",
          "tooltip": {
            "shared": true,
            "sort": 0,
            "value_type": "individual"
          },
          "type": "graph",
          "xaxis": {
            "buckets": null,
            "mode": "time",
            "name": null,
            "show": true,
            "values": []
          },
          "yaxes": [
            {
              "format": "ms",
              "label": null,
              "logBase": 1,
              "max": null,
              "min": null,
              "show": true
            },
            {
              "format": "short",
              "label": null,
              "logBase": 1,
              "max": null,
              "min": null,
              "show": true
            }
          ],
          "yaxis": {
            "align": false,
            "alignLevel": null
          }
        },
        {
          "aliasColors": {},
          "bars": false,
          "dashLength": 10,
          "dashes": false,
          "datasource": "Prometheus",
          "fill": 1,
          "fillGradient": 0,
          "gridPos": {
            "h": 7,
            "w": 8,
            "x": 16,
            "y": 2
          },
          "id": 42,
          "legend": {
            "avg": false,
            "current": false,
            "max": false,
            "min": false,
            "show": true,
            "total": false,
            "values": false
          },
          "lines": true,
          "linewidth": 1,
          "links": [],
          "nullPointMode": "null",
          "options": {
            "dataLinks": []
          },
          "paceLength": 10,
          "percentage": false,
          "pointradius": 5,
          "points": false,
          "renderer": "flot",
          "seriesOverrides": [],
          "spaceLength": 10,
          "stack": false,
          "steppedLine": false,
          "targets": [
            {
              "expr": "histogram_quantile(0.90, sum(rate(kong_latency_bucket{type=\"kong\", service =~ \"$service\",route=~\"$route\",instance=~\"$instance\"}[1m])) by (route,le))",
              "format": "time_series",
              "intervalFactor": 2,
              "legendFormat": "p90-{{route}}",
              "refId": "A"
            },
            {
              "expr": "histogram_quantile(0.95, sum(rate(kong_latency_bucket{type=\"kong\", service =~ \"$service\",route=~\"$route\",instance=~\"$instance\"}[1m])) by (route,le))",
              "format": "time_series",
              "intervalFactor": 2,
              "legendFormat": "p95-{{route}}",
              "refId": "B"
            },
            {
              "expr": "histogram_quantile(0.99, sum(rate(kong_latency_bucket{type=\"kong\", service =~ \"$service\",route=~\"$route\",instance=~\"$instance\"}[1m])) by (route,le))",
              "format": "time_series",
              "intervalFactor": 2,
              "legendFormat": "p99-{{route}}",
              "refId": "C"
            }
          ],
          "thresholds": [],
          "timeFrom": null,
          "timeRegions": [],
          "timeShift": null,
          "title": "Kong Proxy Latency per Route",
          "tooltip": {
            "shared": true,
            "sort": 0,
            "value_type": "individual"
          },
          "type": "graph",
          "xaxis": {
            "buckets": null,
            "mode": "time",
            "name": null,
            "show": true,
            "values": []
          },
          "yaxes": [
            {
              "format": "ms",
              "label": null,
              "logBase": 1,
              "max": null,
              "min": null,
              "show": true
            },
            {
              "format": "short",
              "label": null,
              "logBase": 1,
              "max": null,
              "min": null,
              "show": true
            }
          ],
          "yaxis": {
            "align": false,
            "alignLevel": null
          }
        },
        {
          "aliasColors": {},
          "bars": false,
          "dashLength": 10,
          "dashes": false,
          "datasource": "Prometheus",
          "fill": 1,
          "fillGradient": 0,
          "gridPos": {
            "h": 7,
            "w": 8,
            "x": 0,
            "y": 9
          },
          "id": 12,
          "legend": {
            "avg": false,
            "current": false,
            "max": false,
            "min": false,
            "show": true,
            "total": false,
            "values": false
          },
          "lines": true,
          "linewidth": 1,
          "links": [],
          "nullPointMode": "null",
          "options": {
            "dataLinks": []
          },
          "paceLength": 10,
          "percentage": false,
          "pointradius": 5,
          "points": false,
          "renderer": "flot",
          "seriesOverrides": [],
          "spaceLength": 10,
          "stack": false,
          "steppedLine": false,
          "targets": [
            {
              "expr": "histogram_quantile(0.90, sum(rate(kong_latency_bucket{type=\"request\"}[1m])) by (le))",
              "format": "time_series",
              "intervalFactor": 2,
              "legendFormat": "p90",
              "refId": "A"
            },
            {
              "expr": "histogram_quantile(0.95, sum(rate(kong_latency_bucket{type=\"request\"}[1m])) by (le))",
              "format": "time_series",
              "intervalFactor": 2,
              "legendFormat": "p95",
              "refId": "B"
            },
            {
              "expr": "histogram_quantile(0.99, sum(rate(kong_latency_bucket{type=\"request\"}[1m])) by (le))",
              "format": "time_series",
              "intervalFactor": 2,
              "legendFormat": "p99",
              "refId": "C"
            }
          ],
          "thresholds": [],
          "timeFrom": null,
          "timeRegions": [],
          "timeShift": null,
          "title": "Request Time across all services",
          "tooltip": {
            "shared": true,
            "sort": 0,
            "value_type": "individual"
          },
          "type": "graph",
          "xaxis": {
            "buckets": null,
            "mode": "time",
            "name": null,
            "show": true,
            "values": []
          },
          "yaxes": [
            {
              "format": "ms",
              "label": null,
              "logBase": 1,
              "max": null,
              "min": null,
              "show": true
            },
            {
              "format": "short",
              "label": null,
              "logBase": 1,
              "max": null,
              "min": null,
              "show": true
            }
          ],
          "yaxis": {
            "align": false,
            "alignLevel": null
          }
        },
        {
          "aliasColors": {},
          "bars": false,
          "dashLength": 10,
          "dashes": false,
          "datasource": "Prometheus",
          "fill": 1,
          "fillGradient": 0,
          "gridPos": {
            "h": 7,
            "w": 8,
            "x": 8,
            "y": 9
          },
          "id": 13,
          "legend": {
            "avg": false,
            "current": false,
            "max": false,
            "min": false,
            "show": true,
            "total": false,
            "values": false
          },
          "lines": true,
          "linewidth": 1,
          "links": [],
          "nullPointMode": "null",
          "options": {
            "dataLinks": []
          },
          "paceLength": 10,
          "percentage": false,
          "pointradius": 5,
          "points": false,
          "renderer": "flot",
          "seriesOverrides": [],
          "spaceLength": 10,
          "stack": false,
          "steppedLine": false,
          "targets": [
            {
              "expr": "histogram_quantile(0.90, sum(rate(kong_latency_bucket{type=\"request\", service =~ \"$service\",route=~\"$route\",instance=~\"$instance\"}[1m])) by (service,le))",
              "format": "time_series",
              "intervalFactor": 2,
              "legendFormat": "p90-{{service}}",
              "refId": "A"
            },
            {
              "expr": "histogram_quantile(0.95, sum(rate(kong_latency_bucket{type=\"request\", service =~ \"$service\",route=~\"$route\",instance=~\"$instance\"}[1m])) by (service,le))",
              "format": "time_series",
              "intervalFactor": 2,
              "legendFormat": "p95-{{service}}",
              "refId": "B"
            },
            {
              "expr": "histogram_quantile(0.99, sum(rate(kong_latency_bucket{type=\"request\", service =~ \"$service\",route=~\"$route\",instance=~\"$instance\"}[1m])) by (service,le))",
              "format": "time_series",
              "intervalFactor": 2,
              "legendFormat": "p99-{{service}}",
              "refId": "C"
            }
          ],
          "thresholds": [],
          "timeFrom": null,
          "timeRegions": [],
          "timeShift": null,
          "title": "Request Time per service",
          "tooltip": {
            "shared": true,
            "sort": 0,
            "value_type": "individual"
          },
          "type": "graph",
          "xaxis": {
            "buckets": null,
            "mode": "time",
            "name": null,
            "show": true,
            "values": []
          },
          "yaxes": [
            {
              "format": "ms",
              "label": null,
              "logBase": 1,
              "max": null,
              "min": null,
              "show": true
            },
            {
              "format": "short",
              "label": null,
              "logBase": 1,
              "max": null,
              "min": null,
              "show": true
            }
          ],
          "yaxis": {
            "align": false,
            "alignLevel": null
          }
        },
        {
          "aliasColors": {},
          "bars": false,
          "dashLength": 10,
          "dashes": false,
          "datasource": "Prometheus",
          "fill": 1,
          "fillGradient": 0,
          "gridPos": {
            "h": 7,
            "w": 8,
            "x": 16,
            "y": 9
          },
          "id": 41,
          "legend": {
            "avg": false,
            "current": false,
            "max": false,
            "min": false,
            "show": true,
            "total": false,
            "values": false
          },
          "lines": true,
          "linewidth": 1,
          "links": [],
          "nullPointMode": "null",
          "options": {
            "dataLinks": []
          },
          "paceLength": 10,
          "percentage": false,
          "pointradius": 5,
          "points": false,
          "renderer": "flot",
          "seriesOverrides": [],
          "spaceLength": 10,
          "stack": false,
          "steppedLine": false,
          "targets": [
            {
              "expr": "histogram_quantile(0.90, sum(rate(kong_latency_bucket{type=\"request\", service =~ \"$service\",route=~\"$route\",instance=~\"$instance\"}[1m])) by (route,le))",
              "format": "time_series",
              "intervalFactor": 2,
              "legendFormat": "p90-{{route}}",
              "refId": "A"
            },
            {
              "expr": "histogram_quantile(0.95, sum(rate(kong_latency_bucket{type=\"request\", service =~ \"$service\",route=~\"$route\",instance=~\"$instance\"}[1m])) by (route,le))",
              "format": "time_series",
              "intervalFactor": 2,
              "legendFormat": "p95-{{route}}",
              "refId": "B"
            },
            {
              "expr": "histogram_quantile(0.99, sum(rate(kong_latency_bucket{type=\"request\", service =~ \"$service\",route=~\"$route\",instance=~\"$instance\"}[1m])) by (route,le))",
              "format": "time_series",
              "intervalFactor": 2,
              "legendFormat": "p99-{{route}}",
              "refId": "C"
            }
          ],
          "thresholds": [],
          "timeFrom": null,
          "timeRegions": [],
          "timeShift": null,
          "title": "Request Time per Route",
          "tooltip": {
            "shared": true,
            "sort": 0,
            "value_type": "individual"
          },
          "type": "graph",
          "xaxis": {
            "buckets": null,
            "mode": "time",
            "name": null,
            "show": true,
            "values": []
          },
          "yaxes": [
            {
              "format": "ms",
              "label": null,
              "logBase": 1,
              "max": null,
              "min": null,
              "show": true
            },
            {
              "format": "short",
              "label": null,
              "logBase": 1,
              "max": null,
              "min": null,
              "show": true
            }
          ],
          "yaxis": {
            "align": false,
            "alignLevel": null
          }
        },
        {
          "aliasColors": {},
          "bars": false,
          "dashLength": 10,
          "dashes": false,
          "datasource": "Prometheus",
          "fill": 1,
          "fillGradient": 0,
          "gridPos": {
            "h": 7,
            "w": 8,
            "x": 0,
            "y": 16
          },
          "height": "250",
          "id": 14,
          "legend": {
            "avg": false,
            "current": false,
            "max": false,
            "min": false,
            "show": true,
            "total": false,
            "values": false
          },
          "lines": true,
          "linewidth": 1,
          "links": [],
          "nullPointMode": "null",
          "options": {
            "dataLinks": []
          },
          "paceLength": 10,
          "percentage": false,
          "pointradius": 5,
          "points": false,
          "renderer": "flot",
          "seriesOverrides": [],
          "spaceLength": 10,
          "stack": false,
          "steppedLine": false,
          "targets": [
            {
              "expr": "histogram_quantile(0.90, sum(rate(kong_latency_bucket{type=\"upstream\"}[1m])) by (le))",
              "format": "time_series",
              "interval": "",
              "intervalFactor": 2,
              "legendFormat": "p90",
              "refId": "A"
            },
            {
              "expr": "histogram_quantile(0.95, sum(rate(kong_latency_bucket{type=\"upstream\"}[1m])) by (le))",
              "format": "time_series",
              "intervalFactor": 2,
              "legendFormat": "p95",
              "refId": "B"
            },
            {
              "expr": "histogram_quantile(0.99, sum(rate(kong_latency_bucket{type=\"upstream\"}[1m])) by (le))",
              "format": "time_series",
              "intervalFactor": 2,
              "legendFormat": "p99",
              "refId": "C"
            }
          ],
          "thresholds": [],
          "timeFrom": null,
          "timeRegions": [],
          "timeShift": null,
          "title": "Upstream time across all services",
          "tooltip": {
            "shared": true,
            "sort": 0,
            "value_type": "individual"
          },
          "type": "graph",
          "xaxis": {
            "buckets": null,
            "mode": "time",
            "name": null,
            "show": true,
            "values": []
          },
          "yaxes": [
            {
              "format": "ms",
              "label": null,
              "logBase": 1,
              "max": null,
              "min": null,
              "show": true
            },
            {
              "format": "short",
              "label": null,
              "logBase": 1,
              "max": null,
              "min": null,
              "show": true
            }
          ],
          "yaxis": {
            "align": false,
            "alignLevel": null
          }
        },
        {
          "aliasColors": {},
          "bars": false,
          "dashLength": 10,
          "dashes": false,
          "datasource": "Prometheus",
          "fill": 1,
          "fillGradient": 0,
          "gridPos": {
            "h": 7,
            "w": 8,
            "x": 8,
            "y": 16
          },
          "height": "250",
          "id": 15,
          "legend": {
            "avg": false,
            "current": false,
            "max": false,
            "min": false,
            "show": true,
            "total": false,
            "values": false
          },
          "lines": true,
          "linewidth": 1,
          "links": [],
          "nullPointMode": "null",
          "options": {
            "dataLinks": []
          },
          "paceLength": 10,
          "percentage": false,
          "pointradius": 5,
          "points": false,
          "renderer": "flot",
          "seriesOverrides": [],
          "spaceLength": 10,
          "stack": false,
          "steppedLine": false,
          "targets": [
            {
              "expr": "histogram_quantile(0.90, sum(rate(kong_latency_bucket{type=\"upstream\", service =~ \"$service\",route=~\"$route\",instance=~\"$instance\"}[1m])) by (service,le))",
              "format": "time_series",
              "interval": "",
              "intervalFactor": 2,
              "legendFormat": "p90-{{service}}",
              "refId": "A"
            },
            {
              "expr": "histogram_quantile(0.95, sum(rate(kong_latency_bucket{type=\"upstream\", service =~ \"$service\",route=~\"$route\",instance=~\"$instance\"}[1m])) by (service,le))",
              "format": "time_series",
              "intervalFactor": 2,
              "legendFormat": "p95-{{service}}",
              "refId": "B"
            },
            {
              "expr": "histogram_quantile(0.99, sum(rate(kong_latency_bucket{type=\"upstream\", service =~ \"$service\",route=~\"$route\",instance=~\"$instance\"}[1m])) by (service,le))",
              "format": "time_series",
              "intervalFactor": 2,
              "legendFormat": "p99-{{service}}",
              "refId": "C"
            }
          ],
          "thresholds": [],
          "timeFrom": null,
          "timeRegions": [],
          "timeShift": null,
          "title": "Upstream Time across per service",
          "tooltip": {
            "shared": true,
            "sort": 0,
            "value_type": "individual"
          },
          "type": "graph",
          "xaxis": {
            "buckets": null,
            "mode": "time",
            "name": null,
            "show": true,
            "values": []
          },
          "yaxes": [
            {
              "format": "ms",
              "label": null,
              "logBase": 1,
              "max": null,
              "min": null,
              "show": true
            },
            {
              "format": "short",
              "label": null,
              "logBase": 1,
              "max": null,
              "min": null,
              "show": true
            }
          ],
          "yaxis": {
            "align": false,
            "alignLevel": null
          }
        },
        {
          "aliasColors": {},
          "bars": false,
          "dashLength": 10,
          "dashes": false,
          "datasource": "Prometheus",
          "fill": 1,
          "fillGradient": 0,
          "gridPos": {
            "h": 7,
            "w": 8,
            "x": 16,
            "y": 16
          },
          "height": "250",
          "id": 40,
          "legend": {
            "avg": false,
            "current": false,
            "max": false,
            "min": false,
            "show": true,
            "total": false,
            "values": false
          },
          "lines": true,
          "linewidth": 1,
          "links": [],
          "nullPointMode": "null",
          "options": {
            "dataLinks": []
          },
          "paceLength": 10,
          "percentage": false,
          "pointradius": 5,
          "points": false,
          "renderer": "flot",
          "seriesOverrides": [],
          "spaceLength": 10,
          "stack": false,
          "steppedLine": false,
          "targets": [
            {
              "expr": "histogram_quantile(0.90, sum(rate(kong_latency_bucket{type=\"upstream\", service =~ \"$service\",route=~\"$route\",instance=~\"$instance\"}[1m])) by (route,le))",
              "format": "time_series",
              "interval": "",
              "intervalFactor": 2,
              "legendFormat": "p90-{{route}}",
              "refId": "A"
            },
            {
              "expr": "histogram_quantile(0.95, sum(rate(kong_latency_bucket{type=\"upstream\", service =~ \"$service\",route=~\"$route\",instance=~\"$instance\"}[1m])) by (route,le))",
              "format": "time_series",
              "intervalFactor": 2,
              "legendFormat": "p95-{{route}}",
              "refId": "B"
            },
            {
              "expr": "histogram_quantile(0.99, sum(rate(kong_latency_bucket{type=\"upstream\", service =~ \"$service\",route=~\"$route\",instance=~\"$instance\"}[1m])) by (route,le))",
              "format": "time_series",
              "intervalFactor": 2,
              "legendFormat": "p99-{{route}}",
              "refId": "C"
            }
          ],
          "thresholds": [],
          "timeFrom": null,
          "timeRegions": [],
          "timeShift": null,
          "title": "Upstream Time across per Route",
          "tooltip": {
            "shared": true,
            "sort": 0,
            "value_type": "individual"
          },
          "type": "graph",
          "xaxis": {
            "buckets": null,
            "mode": "time",
            "name": null,
            "show": true,
            "values": []
          },
          "yaxes": [
            {
              "format": "ms",
              "label": null,
              "logBase": 1,
              "max": null,
              "min": null,
              "show": true
            },
            {
              "format": "short",
              "label": null,
              "logBase": 1,
              "max": null,
              "min": null,
              "show": true
            }
          ],
          "yaxis": {
            "align": false,
            "alignLevel": null
          }
        }
      ],
      "title": "Latencies",
      "type": "row"
    },
    {
      "collapsed": true,
      "datasource": "Prometheus",
      "gridPos": {
        "h": 1,
        "w": 24,
        "x": 0,
        "y": 2
      },
      "id": 34,
      "panels": [
        {
          "aliasColors": {},
          "bars": false,
          "dashLength": 10,
          "dashes": false,
          "datasource": "Prometheus",
          "fill": 1,
          "fillGradient": 0,
          "gridPos": {
            "h": 7,
            "w": 24,
            "x": 0,
            "y": 3
          },
          "id": 3,
          "legend": {
            "alignAsTable": true,
            "avg": true,
            "current": true,
            "max": true,
            "min": true,
            "rightSide": true,
            "show": true,
            "total": false,
            "values": true
          },
          "lines": true,
          "linewidth": 1,
          "links": [],
          "nullPointMode": "null",
          "options": {
            "dataLinks": []
          },
          "paceLength": 10,
          "percentage": false,
          "pointradius": 5,
          "points": false,
          "renderer": "flot",
          "seriesOverrides": [],
          "spaceLength": 10,
          "stack": false,
          "steppedLine": false,
          "targets": [
            {
              "expr": "sum(irate(kong_bandwidth{instance=~\"$instance\"}[1m])) by (type)",
              "format": "time_series",
              "intervalFactor": 2,
              "legendFormat": "{{type}}",
              "refId": "A"
            }
          ],
          "thresholds": [],
          "timeFrom": null,
          "timeRegions": [],
          "timeShift": null,
          "title": "Total Bandwidth",
          "tooltip": {
            "shared": true,
            "sort": 0,
            "value_type": "individual"
          },
          "type": "graph",
          "xaxis": {
            "buckets": null,
            "mode": "time",
            "name": null,
            "show": true,
            "values": []
          },
          "yaxes": [
            {
              "format": "Bps",
              "label": null,
              "logBase": 1,
              "max": null,
              "min": null,
              "show": true
            },
            {
              "format": "short",
              "label": null,
              "logBase": 1,
              "max": null,
              "min": null,
              "show": false
            }
          ],
          "yaxis": {
            "align": false,
            "alignLevel": null
          }
        },
        {
          "aliasColors": {},
          "bars": false,
          "dashLength": 10,
          "dashes": false,
          "datasource": "Prometheus",
          "fill": 1,
          "fillGradient": 0,
          "gridPos": {
            "h": 7,
            "w": 12,
            "x": 0,
            "y": 10
          },
          "id": 2,
          "legend": {
            "avg": false,
            "current": false,
            "max": false,
            "min": false,
            "show": true,
            "total": false,
            "values": false
          },
          "lines": true,
          "linewidth": 1,
          "links": [],
          "nullPointMode": "null",
          "options": {
            "dataLinks": []
          },
          "paceLength": 10,
          "percentage": false,
          "pointradius": 5,
          "points": false,
          "renderer": "flot",
          "seriesOverrides": [],
          "spaceLength": 10,
          "stack": false,
          "steppedLine": false,
          "targets": [
            {
              "expr": "sum(irate(kong_bandwidth{type=\"egress\", service =~\"$service\",route=~\"$route\",instance=~\"$instance\"}[1m])) by (service)",
              "format": "time_series",
              "intervalFactor": 2,
              "legendFormat": "service:{{service}}",
              "refId": "A"
            },
            {
              "expr": "sum(irate(kong_bandwidth{type=\"egress\", service =~\"$service\",route=~\"$route\",instance=~\"$instance\"}[1m])) by (route)",
              "format": "time_series",
              "intervalFactor": 2,
              "legendFormat": "route:{{route}}",
              "refId": "B"
            }
          ],
          "thresholds": [],
          "timeFrom": null,
          "timeRegions": [],
          "timeShift": null,
          "title": "Egress per service/route",
          "tooltip": {
            "shared": true,
            "sort": 0,
            "value_type": "individual"
          },
          "type": "graph",
          "xaxis": {
            "buckets": null,
            "mode": "time",
            "name": null,
            "show": true,
            "values": []
          },
          "yaxes": [
            {
              "format": "Bps",
              "label": null,
              "logBase": 1,
              "max": null,
              "min": null,
              "show": true
            },
            {
              "format": "short",
              "label": null,
              "logBase": 1,
              "max": null,
              "min": null,
              "show": true
            }
          ],
          "yaxis": {
            "align": false,
            "alignLevel": null
          }
        },
        {
          "aliasColors": {},
          "bars": false,
          "dashLength": 10,
          "dashes": false,
          "datasource": "Prometheus",
          "fill": 1,
          "fillGradient": 0,
          "gridPos": {
            "h": 7,
            "w": 12,
            "x": 12,
            "y": 10
          },
          "id": 9,
          "legend": {
            "avg": false,
            "current": false,
            "max": false,
            "min": false,
            "show": true,
            "total": false,
            "values": false
          },
          "lines": true,
          "linewidth": 1,
          "links": [],
          "nullPointMode": "null",
          "options": {
            "dataLinks": []
          },
          "paceLength": 10,
          "percentage": false,
          "pointradius": 5,
          "points": false,
          "renderer": "flot",
          "seriesOverrides": [],
          "spaceLength": 10,
          "stack": false,
          "steppedLine": false,
          "targets": [
            {
              "expr": "sum(irate(kong_bandwidth{type=\"ingress\", service =~\"$service\"}[1m])) by (service)",
              "format": "time_series",
              "intervalFactor": 2,
              "legendFormat": "{{service}}",
              "refId": "A"
            }
          ],
          "thresholds": [],
          "timeFrom": null,
          "timeRegions": [],
          "timeShift": null,
          "title": "Ingress per service/route",
          "tooltip": {
            "shared": true,
            "sort": 0,
            "value_type": "individual"
          },
          "type": "graph",
          "xaxis": {
            "buckets": null,
            "mode": "time",
            "name": null,
            "show": true,
            "values": []
          },
          "yaxes": [
            {
              "format": "Bps",
              "label": null,
              "logBase": 1,
              "max": null,
              "min": null,
              "show": true
            },
            {
              "format": "short",
              "label": null,
              "logBase": 1,
              "max": null,
              "min": null,
              "show": true
            }
          ],
          "yaxis": {
            "align": false,
            "alignLevel": null
          }
        }
      ],
      "title": "Bandwidth",
      "type": "row"
    },
    {
      "collapsed": true,
      "datasource": "Prometheus",
      "gridPos": {
        "h": 1,
        "w": 24,
        "x": 0,
        "y": 3
      },
      "id": 28,
      "panels": [
        {
          "datasource": "Prometheus",
          "gridPos": {
            "h": 6,
            "w": 24,
            "x": 0,
            "y": 4
          },
          "id": 22,
          "options": {
            "fieldOptions": {
              "calcs": [
                "lastNotNull"
              ],
              "defaults": {
                "mappings": [
                  {
                    "from": "",
                    "id": 1,
                    "operator": "",
                    "text": "",
                    "to": "",
                    "type": 1,
                    "value": ""
                  }
                ],
                "max": 100,
                "min": 0,
                "thresholds": [
                  {
                    "color": "green",
                    "value": null
                  },
                  {
                    "color": "yellow",
                    "value": 70
                  },
                  {
                    "color": "red",
                    "value": 90
                  }
                ],
                "unit": "percent"
              },
              "override": {},
              "values": false
            },
            "orientation": "auto",
            "showThresholdLabels": false,
            "showThresholdMarkers": true
          },
          "pluginVersion": "6.4.2",
          "repeat": "instance",
          "repeatDirection": "v",
          "scopedVars": {
            "instance": {
              "selected": false,
              "text": "localhost:8001",
              "value": "localhost:8001"
            }
          },
          "targets": [
            {
              "expr": "(kong_memory_lua_shared_dict_bytes{instance=~\"$instance\"}/kong_memory_lua_shared_dict_total_bytes{instance=~\"$instance\"})*100",
              "format": "time_series",
              "instant": false,
              "legendFormat": "{{shared_dict}}",
              "refId": "A"
            }
          ],
          "timeFrom": null,
          "timeShift": null,
          "title": "Kong memory usage by Node ($instance)",
          "type": "gauge"
        }
      ],
      "title": "Caching",
      "type": "row"
    },
    {
      "collapsed": true,
      "datasource": "Prometheus",
      "gridPos": {
        "h": 1,
        "w": 24,
        "x": 0,
        "y": 4
      },
      "id": 25,
      "panels": [
        {
          "aliasColors": {},
          "bars": false,
          "dashLength": 10,
          "dashes": false,
          "datasource": "Prometheus",
          "fill": 1,
          "fillGradient": 0,
          "gridPos": {
            "h": 7,
            "w": 24,
            "x": 0,
            "y": 5
          },
          "id": 17,
          "legend": {
            "avg": false,
            "current": false,
            "max": false,
            "min": false,
            "show": true,
            "total": false,
            "values": false
          },
          "lines": true,
          "linewidth": 1,
          "links": [],
          "nullPointMode": "null",
          "options": {
            "dataLinks": []
          },
          "paceLength": 10,
          "percentage": false,
          "pointradius": 5,
          "points": false,
          "renderer": "flot",
          "seriesOverrides": [],
          "spaceLength": 10,
          "stack": false,
          "steppedLine": false,
          "targets": [
            {
              "expr": "sum(rate(kong_nginx_http_current_connections{state=~\"activ|reading|writing|waiting\", instance=~\"$instance\"}[1m])) by (state)",
              "format": "time_series",
              "intervalFactor": 2,
              "legendFormat": "{{state}}",
              "refId": "A"
            }
          ],
          "thresholds": [],
          "timeFrom": null,
          "timeRegions": [],
          "timeShift": null,
          "title": "Nginx connection state",
          "tooltip": {
            "shared": true,
            "sort": 0,
            "value_type": "individual"
          },
          "type": "graph",
          "xaxis": {
            "buckets": null,
            "mode": "time",
            "name": null,
            "show": true,
            "values": []
          },
          "yaxes": [
            {
              "format": "short",
              "label": null,
              "logBase": 1,
              "max": null,
              "min": null,
              "show": true
            },
            {
              "format": "short",
              "label": null,
              "logBase": 1,
              "max": null,
              "min": null,
              "show": true
            }
          ],
          "yaxis": {
            "align": false,
            "alignLevel": null
          }
        },
        {
          "cacheTimeout": null,
          "colorBackground": false,
          "colorValue": false,
          "colors": [
            "#299c46",
            "rgba(237, 129, 40, 0.89)",
            "#d44a3a"
          ],
          "datasource": "Prometheus",
          "format": "none",
          "gauge": {
            "maxValue": 100,
            "minValue": 0,
            "show": false,
            "thresholdLabels": false,
            "thresholdMarkers": true
          },
          "gridPos": {
            "h": 7,
            "w": 8,
            "x": 0,
            "y": 12
          },
          "id": 18,
          "interval": null,
          "links": [],
          "mappingType": 1,
          "mappingTypes": [
            {
              "name": "value to text",
              "value": 1
            },
            {
              "name": "range to text",
              "value": 2
            }
          ],
          "maxDataPoints": 100,
          "nullPointMode": "connected",
          "nullText": null,
          "options": {},
          "postfix": "",
          "postfixFontSize": "50%",
          "prefix": "",
          "prefixFontSize": "50%",
          "rangeMaps": [
            {
              "from": "null",
              "text": "N/A",
              "to": "null"
            }
          ],
          "sparkline": {
            "fillColor": "#3f6833",
            "full": true,
            "lineColor": "rgb(31, 120, 193)",
            "show": true
          },
          "tableColumn": "",
          "targets": [
            {
              "expr": "sum(kong_nginx_http_current_connections{state=\"total\", instance=~\"$instance\"})",
              "format": "time_series",
              "intervalFactor": 2,
              "legendFormat": "Total",
              "refId": "A"
            }
          ],
          "thresholds": "",
          "title": "Total Connections",
          "type": "singlestat",
          "valueFontSize": "80%",
          "valueMaps": [
            {
              "op": "=",
              "text": "N/A",
              "value": "null"
            }
          ],
          "valueName": "current"
        },
        {
          "cacheTimeout": null,
          "colorBackground": false,
          "colorValue": false,
          "colors": [
            "#299c46",
            "rgba(237, 129, 40, 0.89)",
            "#d44a3a"
          ],
          "datasource": "Prometheus",
          "format": "none",
          "gauge": {
            "maxValue": 100,
            "minValue": 0,
            "show": false,
            "thresholdLabels": false,
            "thresholdMarkers": true
          },
          "gridPos": {
            "h": 7,
            "w": 8,
            "x": 8,
            "y": 12
          },
          "id": 19,
          "interval": null,
          "links": [],
          "mappingType": 1,
          "mappingTypes": [
            {
              "name": "value to text",
              "value": 1
            },
            {
              "name": "range to text",
              "value": 2
            }
          ],
          "maxDataPoints": 100,
          "nullPointMode": "connected",
          "nullText": null,
          "options": {},
          "postfix": "",
          "postfixFontSize": "50%",
          "prefix": "",
          "prefixFontSize": "50%",
          "rangeMaps": [
            {
              "from": "null",
              "text": "N/A",
              "to": "null"
            }
          ],
          "sparkline": {
            "fillColor": "#3f6833",
            "full": true,
            "lineColor": "rgb(31, 120, 193)",
            "show": true
          },
          "tableColumn": "",
          "targets": [
            {
              "expr": "sum(kong_nginx_http_current_connections{state=\"handled\", instance=~\"$instance\"})",
              "format": "time_series",
              "intervalFactor": 2,
              "legendFormat": "Handled",
              "refId": "A"
            }
          ],
          "thresholds": "",
          "title": "Handled Connections",
          "type": "singlestat",
          "valueFontSize": "80%",
          "valueMaps": [
            {
              "op": "=",
              "text": "N/A",
              "value": "null"
            }
          ],
          "valueName": "current"
        },
        {
          "cacheTimeout": null,
          "colorBackground": false,
          "colorValue": false,
          "colors": [
            "#299c46",
            "rgba(237, 129, 40, 0.89)",
            "#d44a3a"
          ],
          "datasource": "Prometheus",
          "format": "none",
          "gauge": {
            "maxValue": 100,
            "minValue": 0,
            "show": false,
            "thresholdLabels": false,
            "thresholdMarkers": true
          },
          "gridPos": {
            "h": 7,
            "w": 8,
            "x": 16,
            "y": 12
          },
          "id": 20,
          "interval": null,
          "links": [],
          "mappingType": 1,
          "mappingTypes": [
            {
              "name": "value to text",
              "value": 1
            },
            {
              "name": "range to text",
              "value": 2
            }
          ],
          "maxDataPoints": 100,
          "nullPointMode": "connected",
          "nullText": null,
          "options": {},
          "postfix": "",
          "postfixFontSize": "50%",
          "prefix": "",
          "prefixFontSize": "50%",
          "rangeMaps": [
            {
              "from": "null",
              "text": "N/A",
              "to": "null"
            }
          ],
          "sparkline": {
            "fillColor": "#3f6833",
            "full": true,
            "lineColor": "rgb(31, 120, 193)",
            "show": true
          },
          "tableColumn": "",
          "targets": [
            {
              "expr": "sum(kong_nginx_http_current_connections{state=\"accepted\", instance=~\"$instance\"})",
              "format": "time_series",
              "intervalFactor": 2,
              "legendFormat": "Accepted",
              "refId": "A"
            }
          ],
          "thresholds": "",
          "title": "Accepted Connections",
          "type": "singlestat",
          "valueFontSize": "80%",
          "valueMaps": [
            {
              "op": "=",
              "text": "N/A",
              "value": "null"
            }
          ],
          "valueName": "current"
        }
      ],
      "title": "Nginx",
      "type": "row"
    }
  ],
  "refresh": false,
  "schemaVersion": 20,
  "style": "dark",
  "tags": [],
  "templating": {
    "list": [
      {
        "allValue": ".*",
        "current": {},
        "datasource": "Prometheus",
        "definition": "",
        "hide": 0,
        "includeAll": true,
        "label": "",
        "multi": true,
        "name": "service",
        "options": [],
        "query": "label_values(kong_http_status,service)",
        "refresh": 1,
        "regex": "",
        "skipUrlSync": false,
        "sort": 1,
        "tagValuesQuery": "",
        "tags": [],
        "tagsQuery": "",
        "type": "query",
        "useTags": false
      },
      {
        "allValue": ".*",
        "current": {},
        "datasource": "Prometheus",
        "definition": "label_values(kong_http_status,route)",
        "hide": 0,
        "includeAll": true,
        "label": "",
        "multi": true,
        "name": "route",
        "options": [],
        "query": "label_values(kong_http_status,route)",
        "refresh": 1,
        "regex": "",
        "skipUrlSync": false,
        "sort": 1,
        "tagValuesQuery": "",
        "tags": [],
        "tagsQuery": "",
        "type": "query",
        "useTags": false
      },
      {
        "allValue": ".*",
        "current": {},
        "datasource": "Prometheus",
        "definition": "label_values(kong_http_status,instance)",
        "hide": 0,
        "includeAll": true,
        "label": "",
        "multi": true,
        "name": "instance",
        "options": [],
        "query": "label_values(kong_http_status,instance)",
        "refresh": 2,
        "regex": ".*",
        "skipUrlSync": false,
        "sort": 1,
        "tagValuesQuery": "",
        "tags": [],
        "tagsQuery": "",
        "type": "query",
        "useTags": false
      }
    ]
  },
  "time": {
    "from": "now-5m",
    "to": "now"
  },
  "timepicker": {
    "refresh_intervals": [
      "5s",
      "10s",
      "30s",
      "1m",
      "5m",
      "15m",
      "30m",
      "1h",
      "2h",
      "1d"
    ],
    "time_options": [
      "5m",
      "15m",
      "1h",
      "6h",
      "12h",
      "24h",
      "2d",
      "7d",
      "30d"
    ]
  },
  "timezone": "",
  "title": "Kong (official)",
  "uid": "mY9p7dQmz",
  "version": 41
}
