ENABLE_BRAIN_IMMUNITY;Will add Brain and Immunity to your stack [all];on
ENABLE_PROMETHEUS_GRAFANA;Adds Prometheus and Grafana, enables plugin globally [docker-compose];on
ENABLE_SYSLOG;Adds a graphical Syslog server, enables plugin globally [docker-compose];on
ENABLE_REDIS;Adds a Redis instance [docker-compose];on
ENABLE_ELK;Add an ELK stack and logs to it using logstash [docker-compose];off
ENABLE_KAFKA;Add Kafka stack and log to it using Kafka plugin [docker-compose];off
ENABLE_OPENLDAP;Add an OpenLDAP server and configure a demo route [all];off
ENABLE_CUSTOM_PLUGINS;Adds a custom plugin (inject-errors) into the environment [docker-compose];off
ENABLE_INGRESS_CONTROLLER;In Minikube the use of https and hostnames [Minikube];off
ENABLE_LOW_TRAFFIC_MODE;Reduces the frequency of calls against demo services [all];off
ENABLE_QUIET_PUBLISH;Disables most shell messages when publishing demo data to Kong [all];off
ENABLE_THEME_ONLY_MODE;Will not execute all the examples routes but only the theme [all];off
