{
  "swagger": "2.0",
  "host": "api.goingelectric.de",
  "schemes": [
    "https"
  ],
  "basePath": "/",
  "info": {
    "title": "GoingElectric Stromtankstellen API",
    "version": "1.0",
    "description": "An API to fetch details on charging stations in Germany and surrounding countries\nIt is based on the data of the Going Electric Stromtankstellen list which is updated by the users of the site\n"
  },
  "produces": [
    "application/json"
  ],
  "securityDefinitions": {
    "APIKeyQueryParam": {
      "type": "apiKey",
      "in": "query",
      "name": "key"
    }
  },
  "security": [
    {
      "APIKeyQueryParam": []
    }
  ],
  "paths": {
    "/chargepoints": {
      "get": {
        "operationId": "getChargepoints",
        "summary": "Search and get available chargepoints",
        "description": "This method is used to search for chargepoints. It includes three different approaches:\n  * search by defining a center and a radius\n  * search by defining a box on a map\n  * fetch details by defining specific ids (see ge_id)\n  \n The two searches include numerous filtering options.\n",
        "produces": [
          "application/json"
        ],
        "tags": [
          "Search"
        ],
        "parameters": [
          {
            "name": "lat",
            "in": "query",
            "description": "**Search based on position and radius:**<br/>Latitude (decimal)",
            "required": false,
            "type": "number"
          },
          {
            "name": "lng",
            "in": "query",
            "description": "**Search based on position and radius:**<br />Longitude (decimal)",
            "required": false,
            "type": "number"
          },
          {
            "name": "radius",
            "in": "query",
            "description": "**Search based on position and radius:**<br />Radius (kilometer)",
            "required": false,
            "type": "integer"
          },
          {
            "name": "sw_lat",
            "in": "query",
            "description": "**Search based on defined map:**<br />Latitude of south western corner on map",
            "required": false,
            "type": "integer"
          },
          {
            "name": "sw_lng",
            "in": "query",
            "description": "**Search based on defined map:**<br />Longitude of south western corner on map",
            "required": false,
            "type": "integer"
          },
          {
            "name": "ne_lat",
            "in": "query",
            "description": "**Search based on defined map:**<br /> Latitude of north eastern corner on map",
            "required": false,
            "type": "integer"
          },
          {
            "name": "ne_lng",
            "in": "query",
            "description": "**Search based on defined map:**<br />Longitude of north eastern corner on map",
            "required": false,
            "type": "integer"
          },
          {
            "name": "plugs",
            "in": "query",
            "description": "**Filter** based on plug types.\nComma seperated list\nSee /plugs operation for available types\n",
            "required": false,
            "type": "string"
          },
          {
            "name": "countries",
            "in": "query",
            "description": "**Filter** based on countries\nComma seperated list\nFormat based on ISO 3166 ALPHA-2 (for example DE, AT and CH)\n",
            "required": false,
            "type": "string"
          },
          {
            "name": "min_power",
            "in": "query",
            "description": "**Filter** based on minimum power (kW)",
            "required": false,
            "type": "integer"
          },
          {
            "name": "freecharging",
            "in": "query",
            "description": "**Filter** based on free charging",
            "required": false,
            "type": "boolean"
          },
          {
            "name": "freeparking",
            "in": "query",
            "description": "**Filter** based on free parking",
            "required": false,
            "type": "boolean"
          },
          {
            "name": "open_twentyfourseven",
            "in": "query",
            "description": "**Filter** based on charging points available 24/7\n*Note:* also includes charging points with undefined opening times\n",
            "required": false,
            "type": "boolean"
          },
          {
            "name": "open_now",
            "in": "query",
            "description": "**Filter** based on charging points available now\n*Note:* also includes charging points with undefined opening times\n",
            "required": false,
            "type": "boolean"
          },
          {
            "name": "open_day",
            "in": "query",
            "description": "**Filter** based on charging points available only on specific days of the week\n0-6 with 0 equals sunday\n*Note:* also includes charging points with undefined opening times\n",
            "required": false,
            "type": "integer"
          },
          {
            "name": "verified",
            "in": "query",
            "description": "**Filter** on user verified charging points",
            "required": false,
            "type": "boolean"
          },
          {
            "name": "exclude_faults",
            "in": "query",
            "description": "**Filter** to exclude reported malfunctioning chargepoints",
            "required": false,
            "type": "boolean"
          },
          {
            "name": "orderby",
            "in": "query",
            "description": "**Filter** to exclude reported broken chargepoints\nPossible values:\n * distance - ascending bee line to center (only available on center/radius searches)\n * power - descending\n",
            "required": false,
            "type": "string",
            "enum": [
              "distance",
              "power"
            ]
          },
          {
            "name": "barrierfree",
            "in": "query",
            "description": "**Filter** to list only chargepoints which can be used without a contract and with common access (cash, debit card (EC-Karte), any RFID card)",
            "required": false,
            "type": "boolean"
          },
          {
            "name": "networks",
            "in": "query",
            "description": "**Filter** by charging networks - comma seperated list\nSee /networklist for valid entries\n",
            "required": false,
            "type": "string"
          },
          {
            "name": "chargecards",
            "in": "query",
            "description": "**Filter** by charging card IDs - comma seperated list\nSee /chargecardlist for valid entries\n",
            "required": false,
            "type": "string"
          },
          {
            "name": "clustering",
            "in": "query",
            "description": "**Clustering** to save requests to the API multiple chargepoints close to each other can be clustered",
            "required": false,
            "type": "boolean"
          },
          {
            "name": "zoom",
            "in": "query",
            "description": "**Clustering** zoom level\n0-21 - same as in Google Maps API\"\n",
            "required": false,
            "type": "integer"
          },
          {
            "name": "cluster_distance",
            "in": "query",
            "description": "**Clustering** based of number of pixels in Google Maps. Dependency on zoom level",
            "required": false,
            "type": "integer"
          },
          {
            "name": "ge_id",
            "in": "query",
            "description": "**Fetching details** fetch details of chargepoints\ncomma seperated list of up to 10 ids\n",
            "required": false,
            "type": "string"
          },
          {
            "name": "result_details",
            "in": "query",
            "description": "**Fetching details** fetch less details of chargepoints to get more entries in a call. Use \"minimal\" as value to activate <br />When applied the ge_id parameter may be called with up to 100 ids",
            "required": false,
            "type": "string",
            "enum": [
              "minimal"
            ]
          }
        ],
        "responses": {
          "200": {
            "description": "200 response",
            "schema": {
              "type": "object",
              "properties": {
                "status": {
                  "type": "string",
                  "description": "Success or not"
                },
                "chargelocations": {
                  "type": "array",
                  "items": {
                    "$ref": "#/definitions/chargelocation"
                  },
                  "description": "An array of available chargecards"
                }
              }
            },
            "examples": {
              "application/json": {
                "status": "ok",
                "chargelocations": [
                  {
                    "ge_id": 3,
                    "name": "Karlsplatz",
                    "address": {
                      "street": "Obere Karlsstraße 14",
                      "postcode": "34117",
                      "country": "Deutschland",
                      "city": "Kassel"
                    },
                    "chargepoints": [
                      {
                        "count": 4,
                        "power": 22,
                        "type": "Typ2"
                      },
                      {
                        "count": 4,
                        "power": 2,
                        "type": "Schuko"
                      }
                    ],
                    "coordinates": {
                      "lng": 9.494378,
                      "lat": 51.312454
                    },
                    "fault_report": false,
                    "network": "Ladenetz",
                    "url": "//www.goingelectric.de/stromtankstellen/Deutschland/Kassel/Karlsplatz-Obere-Karlsstrasse-14/3/",
                    "verified": true
                  }
                ]
              }
            }
          }
        }
      }
    },
    "/chargepoints/photo": {
      "get": {
        "operationId": "getPhotos",
        "summary": "Fetch a photo",
        "tags": [
          "Photos"
        ],
        "parameters": [
          {
            "name": "id",
            "in": "query",
            "description": "ID of photo as being returned in details call",
            "required": false,
            "type": "string"
          },
          {
            "name": "size",
            "in": "query",
            "description": "Length of longest side. Image will be resized with correct aspect ratio. You may specify width and height as an alternative",
            "required": false,
            "type": "integer"
          },
          {
            "name": "width",
            "in": "query",
            "description": "Width of image. If aspect isn't correct image will be cropped",
            "required": false,
            "type": "integer"
          },
          {
            "name": "height",
            "in": "query",
            "description": "Height of image. If aspect isn't correct image will be cropped",
            "required": false,
            "type": "integer"
          }
        ],
        "produces": [
          "image/png",
          "image/gif",
          "image/jpeg"
        ],
        "responses": {
          "302": {
            "description": "forward to image on CDN",
            "headers": {
              "location": {
                "type": "string",
                "description": "url of the image (direct link to binary image)"
              }
            }
          }
        }
      }
    },
    "/chargepoints/pluglist": {
      "get": {
        "operationId": "getPlugtypes",
        "summary": "Get a list of available plugs",
        "description": "Provides a list of known plugtypes. Those can be used for filtering in searches",
        "tags": [
          "Plugs"
        ],
        "produces": [
          "application/json"
        ],
        "responses": {
          "200": {
            "description": "200 response",
            "schema": {
              "type": "object",
              "properties": {
                "status": {
                  "type": "string",
                  "description": "Success or not"
                },
                "result": {
                  "type": "array",
                  "items": {
                    "type": "string"
                  },
                  "description": "An array of available plugs"
                }
              }
            },
            "examples": {
              "application/json": {
                "status": "ok",
                "result": [
                  "CCS",
                  "CEE Blau",
                  "CEE Rot",
                  "CEE+",
                  "CHAdeMO",
                  "Schuko",
                  "Tesla HPC",
                  "Tesla Supercharger",
                  "Typ1",
                  "Typ13",
                  "Typ15",
                  "Typ2",
                  "Typ23",
                  "Typ25",
                  "Typ3"
                ]
              }
            }
          }
        }
      }
    },
    "/chargepoints/networklist": {
      "get": {
        "operationId": "getNetworkList",
        "summary": "Get available charging networks",
        "description": "Returns a list if available charging networks. Those can be used for filtering in searches",
        "tags": [
          "Networks and Charging Cards"
        ],
        "parameters": [
          {
            "name": "countries",
            "in": "query",
            "description": "Comma seperated list\nFormat based on ISO 3166 ALPHA-2 (for example DE, AT and CH)\n",
            "required": false,
            "type": "string"
          }
        ],
        "responses": {
          "200": {
            "description": "200 response",
            "schema": {
              "type": "object",
              "properties": {
                "status": {
                  "type": "string",
                  "description": "Success or not"
                },
                "result": {
                  "type": "array",
                  "items": {
                    "type": "string"
                  },
                  "description": "An array of available networks"
                }
              }
            },
            "examples": {
              "application/json": {
                "status": "ok",
                "result": [
                  "be.energised",
                  "ChargeNow",
                  "Drehstromnetz",
                  "easy4you",
                  "eCarUp",
                  "Energiedienst",
                  "Evite",
                  "evpass",
                  "IBAarau",
                  "Lidl",
                  "m-way",
                  "Move",
                  "Plug'n Roll",
                  "RiParTi",
                  "Smatrics",
                  "swisscharge",
                  "Tesla Destination Charging",
                  "Tesla Supercharger",
                  "texx energy",
                  "Virta",
                  "Vmotion"
                ]
              }
            }
          }
        }
      }
    },
    "/chargepoints/chargecardlist": {
      "get": {
        "operationId": "getChargecards",
        "summary": "Get available chargecards",
        "description": "Returns a list if available chargcards. Those can be used for filtering in searches",
        "tags": [
          "Networks and Charging Cards"
        ],
        "parameters": [
          {
            "name": "countries",
            "in": "query",
            "description": "Comma seperated list\nFormat based on ISO 3166 ALPHA-2 (for example DE, AT and CH)\n",
            "required": false,
            "type": "string"
          }
        ],
        "responses": {
          "200": {
            "description": "200 response",
            "schema": {
              "type": "object",
              "properties": {
                "status": {
                  "type": "string",
                  "description": "Success or not"
                },
                "result": {
                  "type": "array",
                  "items": {
                    "$ref": "#/definitions/chargecard"
                  },
                  "description": "An array of available chargecards"
                }
              }
            },
            "examples": {
              "application/json": {
                "status": "ok",
                "result": [
                  {
                    "card_id": 189,
                    "name": "easy4you",
                    "url": "//www.goingelectric.de/stromtankstellen/anbieter/angebot/easy4you-Alpiq-E-Mobility-AG/189/"
                  },
                  {
                    "card_id": 237,
                    "name": "energy4drive App",
                    "url": "//www.goingelectric.de/stromtankstellen/anbieter/angebot/energy4drive-App-energy4drive/237/"
                  },
                  {
                    "card_id": 133,
                    "name": "evpass RFID/SMS",
                    "url": "//www.goingelectric.de/stromtankstellen/anbieter/angebot/evpass-RFIDSMS-greenmotion/133/"
                  },
                  {
                    "card_id": 44,
                    "name": "MOVE",
                    "url": "//www.goingelectric.de/stromtankstellen/anbieter/angebot/MOVE-Groupe-E/44/"
                  },
                  {
                    "card_id": 204,
                    "name": "Plug'n Roll Basic",
                    "url": "//www.goingelectric.de/stromtankstellen/anbieter/angebot/Plugn-Roll-Basic-Repower-AG/204/"
                  },
                  {
                    "card_id": 209,
                    "name": "Plug’n Roll Member",
                    "url": "//www.goingelectric.de/stromtankstellen/anbieter/angebot/Plugn-Roll-Member-Repower-AG/209/"
                  },
                  {
                    "card_id": 124,
                    "name": "swisscharge Ladekarte",
                    "url": "//www.goingelectric.de/stromtankstellen/anbieter/angebot/swisscharge-Ladekarte-swisschargech/124/"
                  }
                ]
              }
            }
          }
        }
      }
    }
  },
  "definitions": {
    "chargecard": {
      "type": "object",
      "properties": {
        "card_id": {
          "type": "integer",
          "description": "id of chargecard"
        },
        "name": {
          "type": "string",
          "description": "name of chargecard"
        },
        "url": {
          "type": "string",
          "description": "link to Going Electric"
        }
      }
    },
    "chargelocation": {
      "type": "object",
      "properties": {
        "ge_id": {
          "type": "integer",
          "description": "id of chargelocation"
        },
        "name": {
          "type": "string",
          "description": "name of chargecard"
        },
        "address": {
          "type": "object",
          "description": "Address of chargelocation",
          "properties": {
            "street": {
              "type": "string",
              "description": "street"
            },
            "postcode": {
              "type": "string",
              "description": "postal code ZIP"
            },
            "country": {
              "type": "string",
              "description": "country"
            },
            "city": {
              "type": "string",
              "description": "city"
            }
          }
        },
        "chargepoints": {
          "type": "array",
          "items": {
            "$ref": "#/definitions/chargepoint"
          }
        },
        "coordinates": {
          "type": "object",
          "description": "coordinates of this location",
          "properties": {
            "lng": {
              "type": "number",
              "format": "float",
              "description": "Longitude"
            },
            "lat": {
              "type": "number",
              "format": "float",
              "description": "latitude"
            }
          }
        },
        "fault_report": {
          "type": "boolean",
          "description": "known issue reported"
        },
        "network": {
          "type": "string",
          "description": "charging network (name)"
        },
        "url": {
          "type": "string",
          "description": "link to entry at Going Electric"
        },
        "verified": {
          "type": "boolean",
          "description": "has this location been verified by users"
        }
      }
    },
    "chargepoint": {
      "type": "object",
      "properties": {
        "count": {
          "type": "integer",
          "description": "number of available chrarports"
        },
        "power": {
          "type": "integer",
          "description": "power of outlet (kWh)"
        },
        "type": {
          "type": "string",
          "description": "plug type"
        }
      }
    }
  },
  "consumes": [
    "application/json"
  ]
}