[
  {
    "_id": "a07204d0-66ff-11e7-a27c-dddee67fc6cb",
    "_type": "dashboard",
    "_source": {
      "title": "Kong",
      "hits": 0,
      "description": "API Gateway metrics",
      "panelsJSON": "[{\"size_x\":6,\"size_y\":3,\"panelIndex\":1,\"type\":\"visualization\",\"id\":\"0a8efe70-67e3-11e7-ba65-0790276cfc45\",\"col\":1,\"row\":1},{\"size_x\":6,\"size_y\":3,\"panelIndex\":2,\"type\":\"visualization\",\"id\":\"32756140-67e3-11e7-ba65-0790276cfc45\",\"col\":7,\"row\":1}]",
      "optionsJSON": "{\"darkTheme\":false}",
      "uiStateJSON": "{}",
      "version": 1,
      "timeRestore": false,
      "kibanaSavedObjectMeta": {
        "searchSourceJSON": "{\"filter\":[{\"query\":{\"query_string\":{\"analyze_wildcard\":true,\"query\":\"*\"}}}],\"highlightAll\":true,\"version\":true}"
      }
    }
  },
  {
    "_id": "0a8efe70-67e3-11e7-ba65-0790276cfc45",
    "_type": "visualization",
    "_source": {
      "title": "Latency",
      "visState": "{\"title\":\"Latency\",\"type\":\"histogram\",\"params\":{\"grid\":{\"categoryLines\":false,\"style\":{\"color\":\"#eee\"}},\"categoryAxes\":[{\"id\":\"CategoryAxis-1\",\"type\":\"category\",\"position\":\"bottom\",\"show\":true,\"style\":{},\"scale\":{\"type\":\"linear\"},\"labels\":{\"show\":true,\"truncate\":100},\"title\":{\"text\":\"@timestamp per 30 seconds\"}}],\"valueAxes\":[{\"id\":\"ValueAxis-1\",\"name\":\"LeftAxis-1\",\"type\":\"value\",\"position\":\"left\",\"show\":true,\"style\":{},\"scale\":{\"type\":\"linear\",\"mode\":\"normal\"},\"labels\":{\"show\":true,\"rotate\":0,\"filter\":false,\"truncate\":100},\"title\":{\"text\":\"Latency\"}}],\"seriesParams\":[{\"show\":\"true\",\"type\":\"histogram\",\"mode\":\"stacked\",\"data\":{\"label\":\"Kong\",\"id\":\"1\"},\"valueAxis\":\"ValueAxis-1\",\"drawLinesBetweenPoints\":true,\"showCircles\":true},{\"show\":true,\"mode\":\"stacked\",\"type\":\"histogram\",\"drawLinesBetweenPoints\":true,\"showCircles\":true,\"interpolate\":\"linear\",\"lineWidth\":2,\"data\":{\"id\":\"2\",\"label\":\"Proxy\"},\"valueAxis\":\"ValueAxis-1\"}],\"addTooltip\":true,\"addLegend\":true,\"legendPosition\":\"right\",\"times\":[],\"addTimeMarker\":false},\"aggs\":[{\"id\":\"1\",\"enabled\":true,\"type\":\"sum\",\"schema\":\"metric\",\"params\":{\"field\":\"latencies.kong\",\"customLabel\":\"Kong\"}},{\"id\":\"2\",\"enabled\":true,\"type\":\"sum\",\"schema\":\"metric\",\"params\":{\"field\":\"latencies.proxy\",\"customLabel\":\"Proxy\"}},{\"id\":\"3\",\"enabled\":true,\"type\":\"date_histogram\",\"schema\":\"segment\",\"params\":{\"field\":\"@timestamp\",\"interval\":\"auto\",\"customInterval\":\"2h\",\"min_doc_count\":1,\"extended_bounds\":{}}}],\"listeners\":{}}",
      "uiStateJSON": "{}",
      "description": "",
      "version": 1,
      "kibanaSavedObjectMeta": {
        "searchSourceJSON": "{\"index\":\"logstash-*\",\"query\":{\"query_string\":{\"query\":\"*\",\"analyze_wildcard\":true}},\"filter\":[]}"
      }
    }
  },
  {
    "_id": "32756140-67e3-11e7-ba65-0790276cfc45",
    "_type": "visualization",
    "_source": {
      "title": "Status",
      "visState": "{\"title\":\"Status\",\"type\":\"pie\",\"params\":{\"addTooltip\":true,\"addLegend\":true,\"legendPosition\":\"right\",\"isDonut\":false},\"aggs\":[{\"id\":\"1\",\"enabled\":true,\"type\":\"count\",\"schema\":\"metric\",\"params\":{}},{\"id\":\"2\",\"enabled\":true,\"type\":\"terms\",\"schema\":\"segment\",\"params\":{\"field\":\"response.status\",\"size\":5,\"order\":\"desc\",\"orderBy\":\"1\",\"customLabel\":\"Status code\"}}],\"listeners\":{}}",
      "uiStateJSON": "{}",
      "description": "",
      "version": 1,
      "kibanaSavedObjectMeta": {
        "searchSourceJSON": "{\"index\":\"logstash-*\",\"query\":{\"query_string\":{\"query\":\"*\",\"analyze_wildcard\":true}},\"filter\":[]}"
      }
    }
  }
]